mean_birth_rate_diff	median_birth_rate_diff	birthRate_hdi95_lower	birthRate_hdi95_upper	run	n	simulation	minBirthRateESS
0.0037149781585340052	0.0036219027459104738	0.002810515106309402	0.004824095424042342	sampconfig_m0_w1.1_d0.1_t1_mg0.99_mm1_l2e+08_i4_s87908_diversified_m1_n100	100	2D_sel_bdg	309.69503722498655
