mean_birth_rate_diff	median_birth_rate_diff	birthRate_hdi95_lower	birthRate_hdi95_upper	run	n	simulation	minBirthRateESS
0.0013074075334873372	0.001299821942919857	9.334704954496766e-4	0.0017055311673449783	sampconfig_m0_w1.1_d0.4_t1_mg0.99_mm1_l2e+08_i6_s98729_diversified_m1_n100	100	3D_sel	643.2052624222737
