mean_birth_rate_diff	median_birth_rate_diff	birthRate_hdi95_lower	birthRate_hdi95_upper	run	n	simulation	minBirthRateESS
0.003336804455306773	0.0032841029160032274	0.0025298875659380566	0.004214811418401663	sampconfig_m0_w1.1_d0.2_t1_mg0.99_mm1_l2e+08_i6_s95418_diversified_m1_n100	100	2D_sel_bdg	315.8008961418221
