mean_birth_rate_diff	median_birth_rate_diff	birthRate_hdi95_lower	birthRate_hdi95_upper	run	n	simulation	minBirthRateESS
0.0023039271476107586	0.002256765163515931	0.001549256806279221	0.0031610849304825163	sampconfig_m0.5_w1_d0.2_t1_mg1_mm1_l2e+08_i8_s15296_diversified_m1_n100	100	2D_neut_bdg_motility	120.19256707599153
