mean_birth_rate_diff	median_birth_rate_diff	birthRate_hdi95_lower	birthRate_hdi95_upper	run	n	simulation	minBirthRateESS
0.003719237228398326	0.003693784185232591	0.002927448817829688	0.004617194129982801	sampconfig_m0_w1.1_d0.2_t1_mg0.99_mm1_l2e+08_i5_s58705_diversified_m1_n100	100	2D_sel_bdg	279.7468195321993
