mean_birth_rate_diff	median_birth_rate_diff	birthRate_hdi95_lower	birthRate_hdi95_upper	run	n	simulation	minBirthRateESS
0.0018160089128090521	0.0017957891276917056	0.0011823871572130024	0.0024847189034522795	sampconfig_m0_w1.1_d0.2_t1_mg0.99_mm1_l2e+08_i3_s26990_diversified_m1_n100	100	3D_sel	252.8125978283441
