mean_birth_rate_diff	median_birth_rate_diff	birthRate_hdi95_lower	birthRate_hdi95_upper	run	n	simulation	minBirthRateESS
0.0015976118883264383	0.001569883011401953	0.0010593656793689702	0.0021933782288826175	sampconfig_m0_w1.1_d0.3_t1_mg0.99_mm1_l2e+08_i2_s98708_diversified_m1_n100	100	2D_sel_bdg	580.4384166819566
