mean_birth_rate_diff	median_birth_rate_diff	birthRate_hdi95_lower	birthRate_hdi95_upper	run	n	simulation	minBirthRateESS
0.002068551513111811	0.002049249361777061	0.0016324692690960056	0.0025588990155019815	sampconfig_m0.5_w1_d0.2_t1_mg1_mm1_l2e+08_i1_s5353_diversified_m1_n100	100	2D_neut_bdg_motility	381.2784953001689
