mean_birth_rate_diff	median_birth_rate_diff	birthRate_hdi95_lower	birthRate_hdi95_upper	run	n	simulation	minBirthRateESS
0.0038002341661707486	0.0037802207092334393	0.0030632994594475237	0.0045283355684541575	sampconfig_m0_w1.1_d0.1_t1_mg0.99_mm1_l2e+08_i1_s62823_diversified_m1_n100	100	2D_sel_bdg	419.1324304615008
