mean_birth_rate_diff	median_birth_rate_diff	birthRate_hdi95_lower	birthRate_hdi95_upper	run	n	simulation	minBirthRateESS
0.0011658117911998419	0.0011405747711741147	7.429152692721657e-4	0.0016550659747393607	sampconfig_m0_w1.1_d0.4_t1_mg0.99_mm1_l2e+08_i5_s24021_diversified_m1_n100	100	2D_sel_bdg	479.0900736021086
