mean_birth_rate_diff	median_birth_rate_diff	birthRate_hdi95_lower	birthRate_hdi95_upper	run	n	simulation	minBirthRateESS
0.002806686310938984	0.002775277994212755	0.002032072560959062	0.0035840821974107177	sampconfig_m0_w1.1_d0.2_t1_mg0.99_mm1_l2e+08_i2_s56472_diversified_m1_n100	100	2D_sel_bdg	919.363187875333
