mean_birth_rate_diff	median_birth_rate_diff	birthRate_hdi95_lower	birthRate_hdi95_upper	run	n	simulation	minBirthRateESS
0.0010521907997185361	0.0010444200496586373	7.634276949362547e-4	0.0013546128768976862	sampconfig_m0_w1.1_d0.4_t1_mg0.99_mm1_l2e+08_i1_s2768_diversified_m1_n100	100	2D_sel_bdg	621.1496915014742
