mean_birth_rate_diff	median_birth_rate_diff	birthRate_hdi95_lower	birthRate_hdi95_upper	run	n	simulation	minBirthRateESS
0.001358648943142565	0.0013409736557747644	9.575520561875313e-4	0.001785757093681529	sampconfig_m0_w1.1_d0.4_t1_mg0.99_mm1_l2e+08_i4_s73875_diversified_m1_n100	100	2D_sel_bdg	753.1726188168583
