mean_birth_rate_diff	median_birth_rate_diff	birthRate_hdi95_lower	birthRate_hdi95_upper	run	n	simulation	minBirthRateESS
0.0010864458077847142	0.0010576151789528576	6.701406658909525e-4	0.0015293432561078978	sampconfig_m0_w1.1_d0.4_t1_mg0.99_mm1_l2e+08_i5_s4408_diversified_m1_n100	100	3D_sel	225.18156278336292
