mean_birth_rate_diff	median_birth_rate_diff	birthRate_hdi95_lower	birthRate_hdi95_upper	run	n	simulation	minBirthRateESS
0.0028365467439994477	0.0028143904842822583	0.002276470461951631	0.003408303169941984	sampconfig_m0_w1.1_d0.1_t1_mg0.99_mm1_l2e+08_i7_s27834_diversified_m1_n100	100	2D_sel_bdg	944.3138414438254
