mean_birth_rate_diff	median_birth_rate_diff	birthRate_hdi95_lower	birthRate_hdi95_upper	run	n	simulation	minBirthRateESS
0.001765667233587131	0.0017511588469615352	0.001373730250252877	0.0021846884872399903	sampconfig_m0_w1.1_d0.3_t1_mg0.99_mm1_l2e+08_i7_s41492_diversified_m1_n100	100	2D_sel_bdg	687.0294488353849
