mean_birth_rate_diff	median_birth_rate_diff	birthRate_hdi95_lower	birthRate_hdi95_upper	run	n	simulation	minBirthRateESS
0.002449108087136158	0.0024591945114599742	0.0017935770977060793	0.0030066594468852142	sampconfig_m0_w1.1_d0.2_t1_mg0.99_mm1_l2e+08_i4_s60223_diversified_m1_n100	100	2D_sel_bdg	356.0100416445393
