mean_birth_rate_diff	median_birth_rate_diff	birthRate_hdi95_lower	birthRate_hdi95_upper	run	n	simulation	minBirthRateESS
0.002512272736711214	0.002355221389264628	0.00170933405961527	0.0036977582966041997	sampconfig_m0_w1.1_d0.2_t1_mg0.99_mm1_l2e+08_i1_s20264_diversified_m1_n100	100	2D_sel_bdg	172.36680331932084
