mean_birth_rate_diff	median_birth_rate_diff	birthRate_hdi95_lower	birthRate_hdi95_upper	run	n	simulation	minBirthRateESS
0.0028504890539486033	0.002687246913407532	0.0019137121343926742	0.004117373718877937	sampconfig_m0_w1.1_d0.2_t1_mg0.99_mm1_l2e+08_i1_s59583_diversified_m1_n100	100	2D_sel_bdg	164.49114686342745
