mean_birth_rate_diff	median_birth_rate_diff	birthRate_hdi95_lower	birthRate_hdi95_upper	run	n	simulation	minBirthRateESS
0.0021433506507325404	0.0020935076999491443	0.0014978357577414417	0.002878925863622496	sampconfig_m0_w1.1_d0.3_t1_mg0.99_mm1_l2e+08_i4_s95592_diversified_m1_n100	100	2D_sel_bdg	499.56256542753346
