mean_birth_rate_diff	median_birth_rate_diff	birthRate_hdi95_lower	birthRate_hdi95_upper	run	n	simulation	minBirthRateESS
0.0018040200763946694	0.0017830853911291016	0.0013885211769574341	0.0022684293057796544	sampconfig_m0_w1.1_d0.2_t1_mg0.99_mm1_l2e+08_i3_s66240_diversified_m1_n100	100	2D_sel_bdg	1442.414552702561
