mean_birth_rate_diff	median_birth_rate_diff	birthRate_hdi95_lower	birthRate_hdi95_upper	run	n	simulation	minBirthRateESS
0.0018544995442979996	0.0018302928455834104	0.0013008888181930908	0.002450586665470064	sampconfig_m0_w1.1_d0.4_t1_mg0.99_mm1_l2e+08_i7_s41527_diversified_m1_n100	100	3D_sel	322.0356429878731
