mean_birth_rate_diff	median_birth_rate_diff	birthRate_hdi95_lower	birthRate_hdi95_upper	run	n	simulation	minBirthRateESS
0.0012098588863185783	0.001196159700627745	8.751844151323491e-4	0.0015704252565995423	sampconfig_m0_w1.1_d0.4_t1_mg0.99_mm1_l2e+08_i3_s90499_diversified_m1_n100	100	2D_sel_bdg	365.2724865389485
