mean_birth_rate_diff	median_birth_rate_diff	birthRate_hdi95_lower	birthRate_hdi95_upper	run	n	simulation	minBirthRateESS
0.0043064573188303324	0.004287389443419196	0.0032549408665775237	0.005338731023675687	sampconfig_m0_w1.1_d0.1_t1_mg0.99_mm1_l2e+08_i3_s54011_diversified_m1_n100	100	2D_sel_bdg	365.16184677248043
