mean_birth_rate_diff	median_birth_rate_diff	birthRate_hdi95_lower	birthRate_hdi95_upper	run	n	simulation	minBirthRateESS
0.0023897291457232687	0.0023665462806339473	0.0017229019384089848	0.0030590013671719955	sampconfig_m0.5_w1_d0.2_t1_mg1_mm1_l2e+08_i1_s3755_diversified_m1_n100	100	2D_neut_bdg_motility	237.7933051050463
