mean_birth_rate_diff	median_birth_rate_diff	birthRate_hdi95_lower	birthRate_hdi95_upper	run	n	simulation	minBirthRateESS
0.001783960051559057	0.0017629983222165737	0.0012329765293050703	0.002363699533875798	sampconfig_m0_w1.1_d0.2_t1_mg0.99_mm1_l2e+08_i2_s88201_diversified_m1_n100	100	3D_sel	469.3914840107626
