mean_birth_rate_diff	median_birth_rate_diff	birthRate_hdi95_lower	birthRate_hdi95_upper	run	n	simulation	minBirthRateESS
0.0030126829832416565	0.002777959958210072	0.002093499748317737	0.004433393511150563	sampconfig_m0_w1.1_d0.1_t1_mg0.99_mm1_l2e+08_i1_s20363_diversified_m1_n100	100	2D_sel_bdg	88.07704096525214
