mean_birth_rate_diff	median_birth_rate_diff	birthRate_hdi95_lower	birthRate_hdi95_upper	run	n	simulation	minBirthRateESS
0.003552315860648779	0.0035526969984745623	0.0026348846805798283	0.004443124892623098	sampconfig_m0_w1.1_d0.1_t1_mg0.99_mm1_l2e+08_i2_s29035_diversified_m1_n100	100	2D_sel_bdg	274.39362039553714
