mean_birth_rate_diff	median_birth_rate_diff	birthRate_hdi95_lower	birthRate_hdi95_upper	run	n	simulation	minBirthRateESS
0.0012122031068250141	0.0011954121990891049	8.401419921247326e-4	0.0015985739844242416	sampconfig_m0_w1.1_d0.4_t1_mg0.99_mm1_l2e+08_i4_s59663_diversified_m1_n100	100	2D_sel_bdg	1189.7837570643926
