mean_birth_rate_diff	median_birth_rate_diff	birthRate_hdi95_lower	birthRate_hdi95_upper	run	n	simulation	minBirthRateESS
0.0024980797883036006	0.0024741067024992708	0.0018822038808519602	0.003165474792334224	sampconfig_m0_w1.1_d0.3_t1_mg0.99_mm1_l2e+08_i4_s59275_diversified_m1_n100	100	2D_sel_bdg	721.212704947974
