mean_birth_rate_diff	median_birth_rate_diff	birthRate_hdi95_lower	birthRate_hdi95_upper	run	n	simulation	minBirthRateESS
0.0014272688323275198	0.001400682404022221	8.498192196851075e-4	0.002062727299738635	sampconfig_m0_w1.1_d0.2_t1_mg0.99_mm1_l2e+08_i1_s35083_diversified_m1_n100	100	3D_sel	243.5526967807418
