mean_birth_rate_diff	median_birth_rate_diff	birthRate_hdi95_lower	birthRate_hdi95_upper	run	n	simulation	minBirthRateESS
0.0015968428736450335	0.0015784880168075565	0.0011253368359155583	0.0020759029727259646	sampconfig_m0_w1.1_d0.3_t1_mg0.99_mm1_l2e+08_i8_s92638_diversified_m1_n100	100	2D_sel_bdg	882.9634901672919
