mean_birth_rate_diff	median_birth_rate_diff	birthRate_hdi95_lower	birthRate_hdi95_upper	run	n	simulation	minBirthRateESS
0.002157219716080555	0.0021388296312337992	0.0016144519348902002	0.00271852987947883	sampconfig_m0_w1.1_d0.4_t1_mg0.99_mm1_l2e+08_i2_s60063_diversified_m1_n100	100	2D_sel_bdg	1058.1086116027932
