mean_birth_rate_diff	median_birth_rate_diff	birthRate_hdi95_lower	birthRate_hdi95_upper	run	n	simulation	minBirthRateESS
0.0029824674112991665	0.002946490377676537	0.002248642774791707	0.0037597843759412993	sampconfig_m0_w1.1_d0.1_t1_mg0.99_mm1_l2e+08_i2_s36728_diversified_m1_n100	100	2D_sel_bdg	706.4615320046873
