mean_birth_rate_diff	median_birth_rate_diff	birthRate_hdi95_lower	birthRate_hdi95_upper	run	n	simulation	minBirthRateESS
0.0014987791263346827	0.0014850537966572524	0.0011001059840445382	0.0019095590789957085	sampconfig_m0_w1.1_d0.4_t1_mg0.99_mm1_l2e+08_i6_s1694_diversified_m1_n100	100	2D_sel_bdg	701.4377522335928
