mean_birth_rate_diff	median_birth_rate_diff	birthRate_hdi95_lower	birthRate_hdi95_upper	run	n	simulation	minBirthRateESS
0.0017711518131747687	0.0017454399332136462	0.0011103080791125205	0.0024592663993752125	sampconfig_m0_w1.1_d0.2_t1_mg0.99_mm1_l2e+08_i4_s63912_diversified_m1_n100	100	3D_sel	432.2146154942598
