mean_birth_rate_diff	median_birth_rate_diff	birthRate_hdi95_lower	birthRate_hdi95_upper	run	n	simulation	minBirthRateESS
0.0018685837219596124	0.0018376232870706858	0.001300503946533752	0.002495092196007977	sampconfig_m0_w1.1_d0.2_t1_mg0.99_mm1_l2e+08_i5_s87365_diversified_m1_n100	100	3D_sel	215.7235904592778
