mean_birth_rate_diff	median_birth_rate_diff	birthRate_hdi95_lower	birthRate_hdi95_upper	run	n	simulation	minBirthRateESS
0.001862464653158756	0.0018487520528833114	0.0013594440051770914	0.002391142785797415	sampconfig_m0_w1.1_d0.3_t1_mg0.99_mm1_l2e+08_i4_s11916_diversified_m1_n100	100	2D_sel_bdg	463.6640786248838
