mean_birth_rate_diff	median_birth_rate_diff	birthRate_hdi95_lower	birthRate_hdi95_upper	run	n	simulation	minBirthRateESS
0.0011804510322255498	0.001158298478163944	7.670050349148174e-4	0.001625227243584176	sampconfig_m0_w1.1_d0.4_t1_mg0.99_mm1_l2e+08_i5_s54095_diversified_m1_n100	100	2D_sel_bdg	1132.1382981283787
