mean_birth_rate_diff	median_birth_rate_diff	birthRate_hdi95_lower	birthRate_hdi95_upper	run	n	simulation	minBirthRateESS
0.0016473293000157671	0.0016207158392966838	0.0010592224170167092	0.002315748700477331	sampconfig_m0_w1.1_d0.4_t1_mg0.99_mm1_l2e+08_i2_s8536_diversified_m1_n100	100	3D_sel	477.18909045777406
