mean_birth_rate_diff	median_birth_rate_diff	birthRate_hdi95_lower	birthRate_hdi95_upper	run	n	simulation	minBirthRateESS
0.0016461019257908746	0.0015785363079742509	0.001172961167649885	0.002306378890088807	sampconfig_m0_w1.1_d0.3_t1_mg0.99_mm1_l2e+08_i5_s63993_diversified_m1_n100	100	2D_sel_bdg	463.27024659819824
