mean_birth_rate_diff	median_birth_rate_diff	birthRate_hdi95_lower	birthRate_hdi95_upper	run	n	simulation	minBirthRateESS
0.0013372624406221597	0.0013230150008336924	0.0010613239795334234	0.001643382148999422	sampconfig_m0_w1.1_d0.3_t1_mg0.99_mm1_l2e+08_i7_s62095_diversified_m1_n100	100	2D_sel_bdg	1344.974464450344
