mean_birth_rate_diff	median_birth_rate_diff	birthRate_hdi95_lower	birthRate_hdi95_upper	run	n	simulation	minBirthRateESS
0.0030254010619550947	0.0030163642041305975	0.0023582318282690884	0.003711700666900897	sampconfig_m0_w1.1_d0.2_t1_mg0.99_mm1_l2e+08_i8_s42120_diversified_m1_n100	100	2D_sel_bdg	400.5818003715646
