mean_birth_rate_diff	median_birth_rate_diff	birthRate_hdi95_lower	birthRate_hdi95_upper	run	n	simulation	minBirthRateESS
0.0012381146139245382	0.0012225400036883142	8.396122379105907e-4	0.0016600371048076815	sampconfig_m0_w1.1_d0.4_t1_mg0.99_mm1_l2e+08_i1_s34006_diversified_m1_n100	100	2D_sel_bdg	477.0629395742372
