mean_birth_rate_diff	median_birth_rate_diff	birthRate_hdi95_lower	birthRate_hdi95_upper	run	n	simulation	minBirthRateESS
0.0013059382983846366	0.0012874649038973247	9.009262633037801e-4	0.0017428998648510252	sampconfig_m0_w1.1_d0.4_t1_mg0.99_mm1_l2e+08_i6_s14492_diversified_m1_n100	100	2D_sel_bdg	1042.3865651105205
