mean_birth_rate_diff	median_birth_rate_diff	birthRate_hdi95_lower	birthRate_hdi95_upper	run	n	simulation	minBirthRateESS
0.001452243099974648	0.0014385784358948944	0.0010696546096325764	0.0018609109780289	sampconfig_m0_w1.1_d0.3_t1_mg0.99_mm1_l2e+08_i6_s4275_diversified_m1_n100	100	2D_sel_bdg	987.982299537968
