mean_birth_rate_diff	median_birth_rate_diff	birthRate_hdi95_lower	birthRate_hdi95_upper	run	n	simulation	minBirthRateESS
0.0031730978110545206	0.0031188098200800535	0.0022853169580113976	0.004184763018729199	sampconfig_m0_w1.1_d0.2_t1_mg0.99_mm1_l2e+08_i2_s85625_diversified_m1_n100	100	2D_sel_bdg	498.31809688344214
