mean_birth_rate_diff	median_birth_rate_diff	birthRate_hdi95_lower	birthRate_hdi95_upper	run	n	simulation	minBirthRateESS
0.0016488107377201223	0.0015691650921608618	0.0010516063108300844	0.0024769362629242205	sampconfig_m0_w1.1_d0.3_t1_mg0.99_mm1_l2e+08_i2_s23234_diversified_m1_n100	100	2D_sel_bdg	307.75856474970004
