mean_birth_rate_diff	median_birth_rate_diff	birthRate_hdi95_lower	birthRate_hdi95_upper	run	n	simulation	minBirthRateESS
0.001369934115956416	0.0013556357766686066	9.72934192780215e-4	0.0017883835766540508	sampconfig_m0_w1.1_d0.4_t1_mg0.99_mm1_l2e+08_i6_s75112_diversified_m1_n100	100	2D_sel_bdg	925.4587729415064
