mean_birth_rate_diff	median_birth_rate_diff	birthRate_hdi95_lower	birthRate_hdi95_upper	run	n	simulation	minBirthRateESS
0.0012114593325653813	0.0011756584035537557	7.763260380105935e-4	0.0017164609904688818	sampconfig_m0_w1.1_d0.4_t1_mg0.99_mm1_l2e+08_i4_s30668_diversified_m1_n100	100	2D_sel_bdg	567.8765219006948
