mean_birth_rate_diff	median_birth_rate_diff	birthRate_hdi95_lower	birthRate_hdi95_upper	run	n	simulation	minBirthRateESS
0.002586064479813286	0.0025560651309514547	0.001925027071323374	0.003338634129597331	sampconfig_m0_w1.1_d0.3_t1_mg0.99_mm1_l2e+08_i7_s38188_diversified_m1_n100	100	2D_sel_bdg	363.29932994158946
