mean_birth_rate_diff	median_birth_rate_diff	birthRate_hdi95_lower	birthRate_hdi95_upper	run	n	simulation	minBirthRateESS
0.0026631331861776083	0.0026279193195359605	0.0019972153880423145	0.0033641123989453865	sampconfig_m0_w1.1_d0.2_t1_mg0.99_mm1_l2e+08_i7_s38125_diversified_m1_n100	100	2D_sel_bdg	816.4159337868698
