mean_birth_rate_diff	median_birth_rate_diff	birthRate_hdi95_lower	birthRate_hdi95_upper	run	n	simulation	minBirthRateESS
0.0023754231216176636	0.002359955802519018	0.0018249059846582184	0.002934800907578625	sampconfig_m0_w1.1_d0.2_t1_mg0.99_mm1_l2e+08_i4_s16817_diversified_m1_n100	100	2D_sel_bdg	1080.955489908624
