mean_birth_rate_diff	median_birth_rate_diff	birthRate_hdi95_lower	birthRate_hdi95_upper	run	n	simulation	minBirthRateESS
0.0024908529112330803	0.0024648381820368695	0.0019506173298153141	0.003091128241258662	sampconfig_m0_w1.1_d0.1_t1_mg0.99_mm1_l2e+08_i8_s97191_diversified_m1_n100	100	2D_sel_bdg	612.6643252221941
