mean_birth_rate_diff	median_birth_rate_diff	birthRate_hdi95_lower	birthRate_hdi95_upper	run	n	simulation	minBirthRateESS
0.0016458564390456295	0.001614887008768857	0.0012626556661165269	0.0020777716666740527	sampconfig_m0_w1.1_d0.2_t1_mg0.99_mm1_l2e+08_i5_s2734_diversified_m1_n100	100	2D_sel_bdg	520.3352599711076
