mean_birth_rate_diff	median_birth_rate_diff	birthRate_hdi95_lower	birthRate_hdi95_upper	run	n	simulation	minBirthRateESS
0.0033238630393067252	0.003306905190529317	0.002608166538200404	0.004066642128146096	sampconfig_m0_w1.1_d0.2_t1_mg0.99_mm1_l2e+08_i1_s81847_diversified_m1_n100	100	2D_sel_bdg	353.906690397507
