mean_birth_rate_diff	median_birth_rate_diff	birthRate_hdi95_lower	birthRate_hdi95_upper	run	n	simulation	minBirthRateESS
0.001206907874593245	0.0011932948306593583	8.848187904976928e-4	0.001552127621485688	sampconfig_m0_w1.1_d0.4_t1_mg0.99_mm1_l2e+08_i3_s47654_diversified_m1_n100	100	2D_sel_bdg	661.4496427426253
