mean_birth_rate_diff	median_birth_rate_diff	birthRate_hdi95_lower	birthRate_hdi95_upper	run	n	simulation	minBirthRateESS
0.0022814387636206045	0.002262835942513449	0.0018656786536221286	0.002750397948020015	sampconfig_m0_w1.1_d0.1_t1_mg0.99_mm1_l2e+08_i6_s51663_diversified_m1_n100	100	2D_sel_bdg	1512.9685426663161
