mean_birth_rate_diff	median_birth_rate_diff	birthRate_hdi95_lower	birthRate_hdi95_upper	run	n	simulation	minBirthRateESS
0.0017646149341262465	0.0017461830040183088	0.001309505525613608	0.002253361146177857	sampconfig_m0_w1.1_d0.3_t1_mg0.99_mm1_l2e+08_i8_s96638_diversified_m1_n100	100	2D_sel_bdg	819.5964808603821
