mean_birth_rate_diff	median_birth_rate_diff	birthRate_hdi95_lower	birthRate_hdi95_upper	run	n	simulation	minBirthRateESS
0.0030283116248244362	0.002555929472932543	0.0018597238439053974	0.006757036815455168	sampconfig_m0_w1.1_d0.3_t1_mg0.99_mm1_l2e+08_i6_s49874_diversified_m1_n100	100	2D_sel_bdg	25.260724512944783
