mean_birth_rate_diff	median_birth_rate_diff	birthRate_hdi95_lower	birthRate_hdi95_upper	run	n	simulation	minBirthRateESS
0.003698920680179915	0.0036635564904990907	0.0028052478167550294	0.004627097316454259	sampconfig_m0_w1.1_d0.2_t1_mg0.99_mm1_l2e+08_i3_s85208_diversified_m1_n100	100	2D_sel_bdg	363.95274565397375
