mean_birth_rate_diff	median_birth_rate_diff	birthRate_hdi95_lower	birthRate_hdi95_upper	run	n	simulation	minBirthRateESS
0.003920039945265942	0.003909466411374103	0.0029313969358372937	0.004923030495562008	sampconfig_m0_w1.1_d0.1_t1_mg0.99_mm1_l2e+08_i5_s94765_diversified_m1_n100	100	2D_sel_bdg	227.91441827529346
