mean_birth_rate_diff	median_birth_rate_diff	birthRate_hdi95_lower	birthRate_hdi95_upper	run	n	simulation	minBirthRateESS
0.001679798325785498	0.0016619341346972532	0.0012783439990729857	0.0020993420342471816	sampconfig_m0_w1.1_d0.3_t1_mg0.99_mm1_l2e+08_i5_s10605_diversified_m1_n100	100	2D_sel_bdg	1273.8587563882245
