mean_birth_rate_diff	median_birth_rate_diff	birthRate_hdi95_lower	birthRate_hdi95_upper	run	n	simulation	minBirthRateESS
0.002357430808176978	0.0023387625316505217	0.0018322696930299907	0.0029145320889429082	sampconfig_m0_w1.1_d0.2_t1_mg0.99_mm1_l2e+08_i6_s57578_diversified_m1_n100	100	2D_sel_bdg	1332.4924145868224
