mean_birth_rate_diff	median_birth_rate_diff	birthRate_hdi95_lower	birthRate_hdi95_upper	run	n	simulation	minBirthRateESS
0.002604922553972331	0.0025416336847880407	0.0018267521422724278	0.003485251394693818	sampconfig_m0_w1.1_d0.2_t1_mg0.99_mm1_l2e+08_i8_s42970_diversified_m1_n100	100	2D_sel_bdg	217.24130104490254
