mean_birth_rate_diff	median_birth_rate_diff	birthRate_hdi95_lower	birthRate_hdi95_upper	run	n	simulation	minBirthRateESS
0.0019140690655114001	0.0018631853532315805	0.0013223129025064537	0.0026227491014125634	sampconfig_m0_w1.1_d0.3_t1_mg0.99_mm1_l2e+08_i3_s93952_diversified_m1_n100	100	2D_sel_bdg	243.53841271194386
