mean_birth_rate_diff	median_birth_rate_diff	birthRate_hdi95_lower	birthRate_hdi95_upper	run	n	simulation	minBirthRateESS
0.0031270443061235187	0.0030660920424970756	0.0023946152000565964	0.003985515125144154	sampconfig_m0_w1.1_d0.1_t1_mg0.99_mm1_l2e+08_i2_s3730_diversified_m1_n100	100	2D_sel_bdg	317.7978568789446
