mean_birth_rate_diff	median_birth_rate_diff	birthRate_hdi95_lower	birthRate_hdi95_upper	run	n	simulation	minBirthRateESS
0.003435132998435623	0.0033901468477449954	0.0026064027949284406	0.00430686362655494	sampconfig_m0_w1.1_d0.1_t1_mg0.99_mm1_l2e+08_i7_s49803_diversified_m1_n100	100	2D_sel_bdg	314.73251423303526
