mean_birth_rate_diff	median_birth_rate_diff	birthRate_hdi95_lower	birthRate_hdi95_upper	run	n	simulation	minBirthRateESS
0.001117765538034031	0.001101176256929289	7.456515416017257e-4	0.0015132863057957283	sampconfig_m0_w1.1_d0.4_t1_mg0.99_mm1_l2e+08_i1_s52146_diversified_m1_n100	100	2D_sel_bdg	438.55336324962724
