mean_birth_rate_diff	median_birth_rate_diff	birthRate_hdi95_lower	birthRate_hdi95_upper	run	n	simulation	minBirthRateESS
0.0015789222801197102	0.001558231680166323	0.0012096098501724907	0.0019861674155236112	sampconfig_m0.5_w1_d0.2_t1_mg1_mm1_l2e+08_i4_s28361_diversified_m1_n100	100	2D_neut_bdg_motility	490.59446664645634
