mean_birth_rate_diff	median_birth_rate_diff	birthRate_hdi95_lower	birthRate_hdi95_upper	run	n	simulation	minBirthRateESS
0.0015412623327212118	0.0015193011482166345	0.0011283609239647542	0.0019540425719630065	sampconfig_m0_w1.1_d0.3_t1_mg0.99_mm1_l2e+08_i1_s8659_diversified_m1_n100	100	2D_sel_bdg	238.8136492162964
