mean_birth_rate_diff	median_birth_rate_diff	birthRate_hdi95_lower	birthRate_hdi95_upper	run	n	simulation	minBirthRateESS
0.00358839963657514	0.0035614251568826267	0.0026285676583280267	0.004622374738030765	sampconfig_m0_w1.1_d0.1_t1_mg0.99_mm1_l2e+08_i8_s50357_diversified_m1_n100	100	2D_sel_bdg	481.18820183048655
