mean_birth_rate_diff	median_birth_rate_diff	birthRate_hdi95_lower	birthRate_hdi95_upper	run	n	simulation	minBirthRateESS
0.001918370145948853	0.0018797116917349164	0.001390954371672728	0.0025104952660776453	sampconfig_m0.5_w1_d0.2_t1_mg1_mm1_l2e+08_i2_s48200_diversified_m1_n100	100	2D_neut_bdg_motility	748.3404699602296
