mean_birth_rate_diff	median_birth_rate_diff	birthRate_hdi95_lower	birthRate_hdi95_upper	run	n	simulation	minBirthRateESS
0.0014439232281555974	0.0014310754264739794	0.0010595784871795758	0.0018315833704632026	sampconfig_m0_w1.1_d0.4_t1_mg0.99_mm1_l2e+08_i1_s65883_diversified_m1_n100	100	2D_sel_bdg	1033.3540773807765
