mean_birth_rate_diff	median_birth_rate_diff	birthRate_hdi95_lower	birthRate_hdi95_upper	run	n	simulation	minBirthRateESS
0.001633308572608318	0.0016090138843215403	0.001035417354863522	0.0022751873402331183	sampconfig_m0_w1.1_d0.2_t1_mg0.99_mm1_l2e+08_i6_s42011_diversified_m1_n100	100	3D_sel	205.50194405405793
