mean_birth_rate_diff	median_birth_rate_diff	birthRate_hdi95_lower	birthRate_hdi95_upper	run	n	simulation	minBirthRateESS
0.0018757398133667205	0.0018593153181026023	0.0015149534951766491	0.002273656572668665	sampconfig_m0_w1.1_d0.2_t1_mg0.99_mm1_l2e+08_i6_s71283_diversified_m1_n100	100	2D_sel_bdg	2295.6687515693893
