mean_birth_rate_diff	median_birth_rate_diff	birthRate_hdi95_lower	birthRate_hdi95_upper	run	n	simulation	minBirthRateESS
0.0019570750207042087	0.001937075442018955	0.0014568170664383746	0.002474671376951723	sampconfig_m0_w1.1_d0.3_t1_mg0.99_mm1_l2e+08_i5_s82243_diversified_m1_n100	100	2D_sel_bdg	967.9205107535945
