mean_birth_rate_diff	median_birth_rate_diff	birthRate_hdi95_lower	birthRate_hdi95_upper	run	n	simulation	minBirthRateESS
0.0019858533706651293	0.0019635774151219925	0.0015452662464412981	0.002460904340974063	sampconfig_m0_w1.1_d0.2_t1_mg0.99_mm1_l2e+08_i8_s92702_diversified_m1_n100	100	2D_sel_bdg	902.9246855795373
