mean_birth_rate_diff	median_birth_rate_diff	birthRate_hdi95_lower	birthRate_hdi95_upper	run	n	simulation	minBirthRateESS
0.004696461216619188	0.004681737133089054	0.003674102162321603	0.0057575395900730615	sampconfig_m0_w1.1_d0.1_t1_mg0.99_mm1_l2e+08_i4_s65629_diversified_m1_n100	100	2D_sel_bdg	243.15139998397441
