mean_birth_rate_diff	median_birth_rate_diff	birthRate_hdi95_lower	birthRate_hdi95_upper	run	n	simulation	minBirthRateESS
0.001993659393615374	0.001963012088229561	0.001272004152739223	0.0027737464208843743	sampconfig_m0_w1.1_d0.2_t1_mg0.99_mm1_l2e+08_i8_s8928_diversified_m1_n100	100	3D_sel	272.74071370377
