mean_birth_rate_diff	median_birth_rate_diff	birthRate_hdi95_lower	birthRate_hdi95_upper	run	n	simulation	minBirthRateESS
0.0035699261098985323	0.0035189858493001203	0.0027631073237894305	0.004487298797646551	sampconfig_m0_w1.1_d0.2_t1_mg0.99_mm1_l2e+08_i3_s98842_diversified_m1_n100	100	2D_sel_bdg	320.5547151427194
