mean_birth_rate_diff	median_birth_rate_diff	birthRate_hdi95_lower	birthRate_hdi95_upper	run	n	simulation	minBirthRateESS
0.0018461642403544806	0.0018198429167058335	0.0013244390947155914	0.002409797881712183	sampconfig_m0_w1.1_d0.4_t1_mg0.99_mm1_l2e+08_i2_s27416_diversified_m1_n100	100	2D_sel_bdg	653.3424240140872
