mean_birth_rate_diff	median_birth_rate_diff	birthRate_hdi95_lower	birthRate_hdi95_upper	run	n	simulation	minBirthRateESS
0.0019211547098722148	0.0019252033689234806	0.0013509151982665022	0.002437819087531189	sampconfig_m0_w1.1_d0.3_t1_mg0.99_mm1_l2e+08_i3_s42354_diversified_m1_n100	100	2D_sel_bdg	288.61329844890514
