mean_birth_rate_diff	median_birth_rate_diff	birthRate_hdi95_lower	birthRate_hdi95_upper	run	n	simulation	minBirthRateESS
0.0021442848430407177	0.002124943133165069	0.0016650785389089576	0.002658819670385683	sampconfig_m0_w1.1_d0.2_t1_mg0.99_mm1_l2e+08_i7_s87032_diversified_m1_n100	100	2D_sel_bdg	840.6440787820633
