mean_birth_rate_diff	median_birth_rate_diff	birthRate_hdi95_lower	birthRate_hdi95_upper	run	n	simulation	minBirthRateESS
0.0013642814200230196	0.0013439140266154914	9.157676633514454e-4	0.0018512105780316263	sampconfig_m0_w1.1_d0.4_t1_mg0.99_mm1_l2e+08_i1_s31973_diversified_m1_n100	100	3D_sel	316.1467486662415
