mean_birth_rate_diff	median_birth_rate_diff	birthRate_hdi95_lower	birthRate_hdi95_upper	dr	n	clock_model	sampling	minBirthRateESS
-0.033714255713622195	-0.045762777761609724	-0.20674197428914734	0.1825501827123084	0.240	50	strict	diversified	191.27017181300673
