mean_birth_rate_diff	median_birth_rate_diff	birthRate_hdi95_lower	birthRate_hdi95_upper	dr	n	clock_model	sampling	minBirthRateESS
0.12245180853254775	0.1724270995337865	-0.38869782075285086	0.48854440041062563	0.365	50	strict	diversified	390.37079421114436
