mean_birth_rate_diff	median_birth_rate_diff	birthRate_hdi95_lower	birthRate_hdi95_upper	dr	n	clock_model	sampling	minBirthRateESS
-0.008082656715909057	-0.023835692413786684	-0.1622264517083987	0.18735231228934107	0.100	50	strict	diversified	229.40184293939924
