mean_birth_rate_diff	median_birth_rate_diff	birthRate_hdi95_lower	birthRate_hdi95_upper	dr	n	clock_model	sampling	minBirthRateESS
0.3274827738934251	0.30879507404085405	0.0756715464030559	0.6139333555366394	0.360	100	strict	diversified	238.0140763218569
