mean_birth_rate_diff	median_birth_rate_diff	birthRate_hdi95_lower	birthRate_hdi95_upper	dr	n	clock_model	sampling	minBirthRateESS
-0.03747101066672185	-0.051675593347378465	-0.24647353444845244	0.18921623770309093	0.260	50	strict	diversified	193.78228028030264
