mean_birth_rate_diff	median_birth_rate_diff	birthRate_hdi95_lower	birthRate_hdi95_upper	dr	n	clock_model	sampling	minBirthRateESS
0.09619139069727192	0.09439541566346818	0.06737084437356394	0.12813311987305553	0.250	100	state_dependent	diversified	238.79945149954233
