mean_birth_rate_diff	median_birth_rate_diff	birthRate_hdi95_lower	birthRate_hdi95_upper	dr	n	clock_model	sampling	minBirthRateESS
-0.18519350843738466	-0.22036196125442076	-0.49887775699053893	0.20355230194908497	0.280	50	strict	diversified	346.64060791768014
