mean_birth_rate_diff	median_birth_rate_diff	birthRate_hdi95_lower	birthRate_hdi95_upper	dr	n	clock_model	sampling	minBirthRateESS
-0.07314094954006958	-0.0857252854045959	-0.2985641709786699	0.1910779567825645	0.255	50	strict	diversified	140.44340871168296
