mean_birth_rate_diff	median_birth_rate_diff	birthRate_hdi95_lower	birthRate_hdi95_upper	dr	n	clock_model	sampling	minBirthRateESS
-0.07883069046577532	-0.10880682817523754	-0.3813579492905942	0.25810870846571266	0.395	50	strict	diversified	236.98953363668375
