mean_birth_rate_diff	median_birth_rate_diff	birthRate_hdi95_lower	birthRate_hdi95_upper	dr	n	clock_model	sampling	minBirthRateESS
0.023857151955270224	0.007586575557545813	-0.09394960546812603	0.17670490718209217	0.030	50	strict	diversified	207.33568227659575
