mean_birth_rate_diff	median_birth_rate_diff	birthRate_hdi95_lower	birthRate_hdi95_upper	dr	n	clock_model	sampling	minBirthRateESS
-0.17485121775404047	-0.19577919464781346	-0.507530379926609	0.2558043703880911	0.360	50	strict	diversified	212.75740609132953
