mean_birth_rate_diff	median_birth_rate_diff	birthRate_hdi95_lower	birthRate_hdi95_upper	dr	n	clock_model	sampling	minBirthRateESS
-0.03208605636806131	-0.045914357020808476	-0.20670619228480708	0.1841643196155198	0.185	50	strict	diversified	203.5380315043422
