mean_birth_rate_diff	median_birth_rate_diff	birthRate_hdi95_lower	birthRate_hdi95_upper	dr	n	clock_model	sampling	minBirthRateESS
-0.04250046806740764	-0.05533340414063082	-0.24024415971934004	0.17983524458850586	0.250	50	strict	diversified	182.3933300271699
