mean_birth_rate_diff	median_birth_rate_diff	birthRate_hdi95_lower	birthRate_hdi95_upper	dr	n	clock_model	sampling	minBirthRateESS
-0.041591014384888186	-0.054313644243429327	-0.24099406422978017	0.19900154672827708	0.190	50	strict	diversified	138.40798690293911
