mean_birth_rate_diff	median_birth_rate_diff	birthRate_hdi95_lower	birthRate_hdi95_upper	dr	n	clock_model	sampling	minBirthRateESS
-7.895094777944942e-4	-0.016391227988142798	-0.14571154205775028	0.1694543912603248	0.115	50	strict	diversified	213.5054725709452
