mean_birth_rate_diff	median_birth_rate_diff	birthRate_hdi95_lower	birthRate_hdi95_upper	dr	n	clock_model	sampling	minBirthRateESS
0.10597735106117166	0.10438751002896152	0.07176373003970107	0.14242928966647272	0.195	100	state_dependent	diversified	202.74182690913838
