mean_birth_rate_diff	median_birth_rate_diff	birthRate_hdi95_lower	birthRate_hdi95_upper	dr	n	clock_model	sampling	minBirthRateESS
-0.025444802849539896	-0.04386851076189602	-0.1945436254187081	0.1843678146985795	0.180	50	strict	diversified	209.3044171147596
