mean_birth_rate_diff	median_birth_rate_diff	birthRate_hdi95_lower	birthRate_hdi95_upper	dr	n	clock_model	sampling	minBirthRateESS
0.29539833897222295	0.294290656547572	0.05398875202448028	0.5297040783526205	0.315	100	strict	diversified	428.51658109660866
