mean_birth_rate_diff	median_birth_rate_diff	birthRate_hdi95_lower	birthRate_hdi95_upper	dr	n	clock_model	sampling	minBirthRateESS
-0.16289864298798915	-0.19569376854617507	-0.42733959999589766	0.20071640554725767	0.285	50	strict	diversified	328.6377013237919
