mean_birth_rate_diff	median_birth_rate_diff	birthRate_hdi95_lower	birthRate_hdi95_upper	dr	n	clock_model	sampling	minBirthRateESS
0.08948220572139819	0.08426252993580063	-0.1770951213784746	0.324765507575064	0.390	100	strict	diversified	219.74675740872956
