mean_birth_rate_diff	median_birth_rate_diff	birthRate_hdi95_lower	birthRate_hdi95_upper	dr	n	clock_model	sampling	minBirthRateESS
0.5940179761950856	0.6043680295555665	0.25168156426944427	0.8901486725917908	0.290	100	strict	diversified	207.10564362783788
