mean_birth_rate_diff	median_birth_rate_diff	birthRate_hdi95_lower	birthRate_hdi95_upper	dr	n	clock_model	sampling	minBirthRateESS
-0.0367892179198355	-0.06188857497977727	-0.2708596531490447	0.23837274261232572	0.415	50	strict	diversified	249.18508895676445
