mean_birth_rate_diff	median_birth_rate_diff	birthRate_hdi95_lower	birthRate_hdi95_upper	dr	n	clock_model	sampling	minBirthRateESS
-0.02969888392989416	-0.045097443452099636	-0.20097827550645464	0.19425052862776085	0.080	50	strict	diversified	109.4106799608497
