mean_birth_rate_diff	median_birth_rate_diff	birthRate_hdi95_lower	birthRate_hdi95_upper	dr	n	clock_model	sampling	minBirthRateESS
-0.020623679653758942	-0.03325879942369593	-0.25815624608749915	0.2322991738357881	0.155	50	strict	diversified	100.90959028419017
