mean_birth_rate_diff	median_birth_rate_diff	birthRate_hdi95_lower	birthRate_hdi95_upper	dr	n	clock_model	sampling	minBirthRateESS
0.5843410625150455	0.5780169686350465	0.33690077897791376	0.8547751683188803	0.325	100	strict	diversified	259.0407281052562
