state,birthRate_HDI95_lower,birthRate_HDI95_upper,birthRate_HDI50_lower,birthRate_HDI50_upper,birthRateRatio_HDI95_lower,birthRateRatio_HDI95_upper,birthRateRatio_HDI50_lower,birthRateRatio_HDI50_upper,birthRateRatio_mean
loc0,3.049394422655316,8.176831827838603,4.17281263097741,5.879959171469876,4.425169734002135,7.732587226061164,5.313411052839516,6.452282737056746,6.048752832386301
loc1,17.37388680053077,48.90136815545009,23.947086459978905,34.42721778891467,4.425169734002135,7.732587226061164,5.313411052839516,6.452282737056746,6.048752832386301
