state,birthRate_HDI95_lower,birthRate_HDI95_upper,birthRate_HDI50_lower,birthRate_HDI50_upper,birthRateRatio_HDI95_lower,birthRateRatio_HDI95_upper,birthRateRatio_HDI50_lower,birthRateRatio_HDI50_upper,birthRateRatio_mean
loc0,2.8990572486452244,7.939282985545366,3.9695571185909655,5.663976586302641,4.527172055195831,8.31649527269921,5.564209900015869,6.9363734159497685,6.3509480649242604
loc1,18.37489933815916,50.48054385442742,25.188569336768563,35.90806649780297,4.527172055195831,8.31649527269921,5.564209900015869,6.9363734159497685,6.3509480649242604
