state,birthRate_HDI95_lower,birthRate_HDI95_upper,birthRate_HDI50_lower,birthRate_HDI50_upper,birthRateRatio_HDI95_lower,birthRateRatio_HDI95_upper,birthRateRatio_HDI50_lower,birthRateRatio_HDI50_upper,birthRateRatio_mean
loc0,3.95747106916834,11.936281262434536,5.4749673035299,7.845122486296776,3.347124356011427,4.162738148866356,3.58624608626281,3.863911029681757,3.749477269227131
loc1,14.958495567311463,43.888018520317004,19.88753700666456,28.425343174069653,3.347124356011427,4.162738148866356,3.58624608626281,3.863911029681757,3.749477269227131
