state,birthRate_HDI90_lower,birthRate_HDI90_upper,birthRate_HDI50_lower,birthRate_HDI50_upper,birthRateRatio_HDI90_lower,birthRateRatio_HDI90_upper,birthRateRatio_HDI50_lower,birthRateRatio_HDI50_upper,birthRateRatio_mean
loc0,4.569382997620939,11.170913036471253,5.824474853276926,8.409518068756592,2.0394281784445614,3.032724403056702,2.3430390999851984,2.7358582191445553,2.51829491422352
loc1,11.040260551226968,27.33079110849871,14.950575042872568,21.33392806582085,2.0394281784445614,3.032724403056702,2.3430390999851984,2.7358582191445553,2.51829491422352
